{
  "name": "pouchdb",
  "version": "7.2.2",
  "description": "PouchDB is a pocket-sized database.",
  "repo": "daleharvey/pouchdb",
  "keywords": [
    "db",
    "couchdb",
    "pouchdb"
  ],
  "dependencies": {},
  "development": {},
  "license": "Apache",
  "main": "dist/pouchdb.js",
  "scripts": [
    "dist/pouchdb.js",
    "dist/pouchdb.min.js"
  ],
  "ignore": [
    "**/.*",
    "node_modules",
    "bower_components",
    "tests",
    "vendor",
    "npm-debug.log",
    "phantomjsdriver.log"
  ],
  "homepage": "https://github.com/pouchdb/pouchdb",
  "_release": "7.2.2",
  "_resolution": {
    "type": "version",
    "tag": "7.2.2",
    "commit": "5669a5d7366306682b487cf41ceab77de8066bee"
  },
  "_source": "https://github.com/pouchdb/pouchdb.git",
  "_target": "^7.2.2",
  "_originalSource": "pouchdb",
  "_direct": true
}